target,n_pos,auc_text,auc_oof,auc_fused_gold,b_text,b_oof
ACL,24,0.953,0.869,0.951,1.16,0.13
MCL,9,0.964,0.884,0.966,1.12,0.2
Medial Meniscus,26,0.894,0.85,0.959,0.87,1.23
Lateral Meniscus,23,0.846,0.642,0.845,0.64,0.3
Medial OA,15,0.895,0.95,0.967,0.76,1.32
Lateral OA,11,0.839,0.708,0.793,1.24,0.76
PF OA,21,0.833,0.801,0.88,0.71,0.59
Effusion,35,0.777,0.943,0.934,0.43,1.5
Synovitis,27,0.709,0.742,0.769,0.43,0.78
Baker's,12,0.94,0.955,0.967,0.93,0.8
Contusion,19,0.856,0.842,0.879,0.62,0.58
Fracture,18,0.833,0.894,0.91,0.63,1.13
